brand;model;device_type;print_technology;color_mode;description;paper_format;print_speed_ppm;resolution_dpi;is_duplex;is_wifi;is_ethernet;is_usb;release_year;has_adf;cartridge_note
HP;LaserJet Pro MFP M428dw;mfp;laser;mono;Одно из самых массовых офисных МФУ последних лет и лидер поискового спроса 2024 года. Двусторонняя печать, скан, автоподатчик. Картридж 26A заправляется уверенно, чип меняем при необходимости.;A4;38;;да;да;да;да;2019;да;26A / CF226A
HP;LaserJet MFP M141w;mfp;laser;mono;Компактное домашнее МФУ вместо старых LaserJet. Печатает, копирует и сканирует, Wi-Fi из коробки. Картриджи 106A и 107A, заправка недорогая.;A4;20;;нет;да;нет;да;2021;нет;106A / 107A
HP;Neverstop Laser 1000w;printer;laser;mono;Лазерник с заправляемым резервуаром вместо картриджа — тонер досыпается комплектом HP W1100A. Дешёвая печать, при неисправностях типичны датчики уровня тонера.;A4;21;;нет;да;нет;да;2020;;резервуар, комплект W1100A/W1105A
HP;LaserJet Pro MFP M227fdw;mfp;laser;mono;Офисное МФУ с факсом, дуплексом и автоподатчиком, массово стоит в конторах. Картридж 30A надёжен в заправке.;A4;28;1200×1200;да;да;да;да;2017;да;30A / CF230A
HP;LaserJet Pro 3003dw;printer;laser;mono;Быстрый офисный принтер нового поколения HP. Автодуплекс и Wi-Fi, картридж 150A заправляется с заменой чипа.;A4;40;;да;да;нет;да;2022;;150A / W1500A
HP;Laser 108w;printer;laser;mono;Бюджетный лазерник начального уровня для дома и микробизнеса. Картридж 106A заправляется, но требует аккуратности с чипом.;A4;20;;нет;да;нет;да;2021;;106A / W1106A
HP;LaserJet M111w;printer;laser;mono;Самый компактный лазерник HP последних лет для домашней печати. Картридж 106A, ресурс скромный, зато заправка недорогая.;A4;21;;нет;да;нет;да;2021;;106A / W1106A
HP;LaserJet M211dw;printer;laser;mono;Домашний лазерник с автодуплексом и Wi-Fi. Картридж 107A, заправка с чипом, для небольших объёмов печати подходит отлично.;A4;20;;да;да;нет;да;2021;;107A / W1107A
Canon;i-SENSYS MF446x;mfp;laser;mono;Офисное МФУ, второе место по поисковому спросу 2024 года. Скоростной аппарат с дуплексом и автоподатчиком, картридж 052 заправляется уверенно.;A4;38;;да;да;да;да;2020;да;052 / CRT-052H
Canon;i-SENSYS MF445dw;mfp;laser;mono;МФУ среднего офиса с двусторонней печатью и дуплексным сканом. Близнец MF446x чуть проще в опциях, картридж тот же — 052.;A4;38;;да;да;да;да;2019;да;052 / CRT-052
Canon;i-SENSYS LBP122dw;printer;laser;mono;Настольный лазерник для офиса с дуплексом и Wi-Fi. Печатает до 29 страниц в минуту, картридж 052, механика повторяет МФУ-серию.;A4;;;да;да;нет;да;2019;;052 / CRT-052
Canon;i-SENSYS LBP2900;printer;laser;mono;Легендарный рабочий принтер нулевых, до сих пор массово печатает в конторах. Картридж 703 заправляется без чипов и счётчиков — самое благодарное в обслуживании.;A4;12;600×600;нет;нет;нет;да;2004;;703 / CART-303
Canon;i-SENSYS MF4410;mfp;laser;mono;Домашнее и офисное МФУ из массовой серии Canon. Механика проста и ремонтопригодна, картридж 712 заправляется с чипом или без.;A4;23;600×600;нет;нет;нет;да;2010;нет;712 / CART-712
Canon;PIXMA G3430;mfp;inkjet;color;Струйное МФУ с СНПЧ — дешёвая цветная печать для дома. Чиним узел подачи бумаги, прочищаем и меняем печатающую головку.;A4;;5760×1440;нет;да;нет;да;2022;нет;чернила GI-серии
Pantum;P2200;printer;laser;mono;Младший брат популярного P2207, тот же бюджетный класс для дома. Картридж TL-4100, заправляется недорого.;A4;22;;нет;нет;нет;да;2020;;TL-4100
Pantum;P2207;printer;laser;mono;Один из самых продаваемых принтеров в России — простой, дешёвый и ремонтопригодный. Картридж TL-4100 заправляется без сложностей.;A4;22;;нет;нет;нет;да;2019;;TL-4100
Pantum;M6500;mfp;laser;mono;Домашнее МФУ Pantum, частый ответ на вопрос «что купить вместо старого Samsung». Печатает 22 страницы в минуту, расходники доступны.;A4;22;;нет;нет;нет;да;2020;нет;TL-4100X
Pantum;M6506NW;mfp;laser;mono;МФУ с Wi-Fi и сетевой печатью, популярно в микробизнесах. Простая механика, типовой ремонт — ролики подачи и вал заряда.;A4;22;;нет;да;нет;да;2021;нет;
Pantum;BM5100ADN;printer;laser;mono;Офисный принтер нового поколения Pantum, входит в топ поискового спроса. Дуплекс и сеть, картриджи серии TL-5100.;A4;34;;да;нет;да;да;2022;;TL-5100
Pantum;BM5220ADW;mfp;laser;mono;МФУ-хит маркетплейсов: 42 страницы в минуту, ресурс 4000 страниц в месяц и стартовый картридж на 4000 страниц. Сильная база для офисной печати.;A4;42;2400×2400;да;да;да;да;2023;да;
Pantum;P2506W;printer;laser;mono;Домашний принтер с Wi-Fi из массовой серии Pantum. Простая механика, картридж заправляется без особых сложностей.;A4;;;нет;да;нет;да;2021;;
Pantum;M6550NW;mfp;laser;mono;МФУ для дома и малого офиса с беспроводной печатью. Типовые неисправности стандартны: ролик подачи, вал заряда, чип картриджа.;A4;22;;нет;да;нет;да;2021;нет;
Samsung;Xpress M2020;printer;laser;mono;Массовый домашний лазерник, один из самых частых гостей заправок. Картридж MLT-D111S заправляется с заменой чипа.;A4;20;;нет;нет;нет;да;2015;;MLT-D111S
Samsung;SL-M2875FD;mfp;laser;mono;Офисное МФУ с факсом и дуплексом, их до сих пор много работает в конторах. Картридж MLT-D116S, заправка с чипом.;A4;28;4800×600;да;нет;да;да;2014;да;MLT-D116S
Samsung;ML-2160;printer;laser;mono;Компактный персональный лазерник начала 2010-х. Картридж MLT-D101S — один из самых заправляемых в истории.;A4;20;;нет;нет;нет;да;2012;;MLT-D101S
Samsung;SCX-3400;mfp;laser;mono;Домашнее МФУ на базе ML-2160: скан и копия в том же корпусе. Картридж общий с принтером — MLT-D101S.;A4;20;;нет;нет;нет;да;2012;нет;MLT-D101S
Samsung;SCX-4200;mfp;laser;mono;Старое, но неубиваемое МФУ с тонер-тубой вместо картриджа. Заправляем бункер, при необходимости меняем чип или обнуляем счётчик.;A4;;;нет;нет;нет;да;2005;нет;тонер-туба, заправка бункера
Samsung;CLX-3305;mfp;laser;color;Цветное лазерное МФУ для дома и небольшого офиса. Четыре картриджа CLT-404S, заправляем каждый с заменой чипа.;A4;18;2400×600;нет;нет;нет;да;2012;нет;CLT-404S (4 цвета)
Xerox;Phaser 3010;printer;laser;mono;Персональный лазерник, младший брат популярного Phaser 3020. Картридж 106R0218, заправляется стандартно.;A4;16;;нет;нет;нет;да;2012;;106R0218
Xerox;Phaser 3020;printer;laser;mono;Третья строчка поискового спроса 2024 года — простой и надёжный домашний лазерник (включая версию 3020BI с Wi-Fi). Картридж 106R02773 заправляется без проблем.;A4;20;;нет;нет;нет;да;2015;;106R02773
Xerox;WorkCentre 5019 / 5021;mfp;laser;mono;Офисный трактор, до сих пор стоит в бухгалтериях и приёмных. Копир, скан, дуплекс, автоподатчик. Тонер заправляем, износ — ролики и узел подачи.;A4;19;;да;нет;да;да;2011;да;
Xerox;B225;mfp;laser;mono;Современное компактное МФУ серии B, замена старых WorkCentre. Картридж повышенной ёмкости, заправляется с чипом.;A4;;;да;;;да;2019;да;
Xerox;B305;mfp;laser;mono;Офисное МФУ серии B с автоподатчиком и дуплексом, частый запрос на заправку и ремонт.;A4;;;да;;;да;2019;да;
Xerox;B235;mfp;laser;mono;Старшая модель компактной серии B: до 34 страниц в минуту, Wi-Fi и автоподатчик.;A4;34;;да;да;;да;2019;да;
Brother;HL-1110R;printer;laser;mono;Простейший домашний лазерник Brother, массовая модель в заправке. Картридж TN-1075 — один из самых удобных, чип не обязателен.;A4;20;;нет;нет;нет;да;2014;;TN-1075
Brother;HL-1210WR;printer;laser;mono;Домашний лазерник с Wi-Fi, продолжение массовой HL-1110. Картридж TN-1075 заправляется легко, счётчик сбрасывается вручную.;A4;20;;нет;да;нет;да;2015;;TN-1075
Brother;DCP-1512R;mfp;laser;mono;Компактное домашнее МФУ на базе HL-1210. Тот же картридж TN-1075, механика простая и ремонтопригодная.;A4;20;;нет;нет;нет;да;2014;нет;TN-1075
Brother;DCP-L2550DW;mfp;laser;mono;Офисное МФУ с дуплексом, автоподатчиком и Wi-Fi, в топе поискового спроса. Картриджи TN-2335 и TN-2375 заправляются уверенно.;A4;34;;да;да;нет;да;2018;да;TN-2335 / TN-2375
Brother;MFC-L2700DWR;mfp;laser;mono;Факс-МФУ для офисов, массово стоит в приёмных и бухгалтериях. Картридж TN-2095, заправка с заменой чипа или без.;A4;30;;да;да;нет;да;2015;да;TN-2095
Brother;DCP-1602R;mfp;laser;mono;Домашнее МФУ начального уровня, наследник DCP-1512. Картридж TN-1095, заправляется без особых нюансов.;A4;20;;нет;нет;нет;да;2016;нет;TN-1095
Kyocera;FS-1040;printer;laser;mono;Настольный лазерник Kyocera с ресурсной механикой. Картридж TK-1140, заправка обходится дешевле большинства конкурентов.;A4;25;;нет;нет;нет;да;2014;;TK-1140
Kyocera;FS-1060DN;printer;laser;mono;Офисный принтер с дуплексом и сетью, до сих пор массовый в конторах. Картридж TK-1140, драм-юнит служит очень долго.;A4;25;;да;нет;да;да;2014;;TK-1140
Kyocera;FS-1120MFP;mfp;laser;mono;МФУ на базе FS-1040 для небольших офисов. Картридж TK-1110, типовая заправка с чипом.;A4;25;;нет;нет;нет;да;2014;нет;TK-1110
Kyocera;ECOSYS M2040dn;mfp;laser;mono;Офисное МФУ на 40 страниц в минуту, в топе поискового спроса. Картридж TK-1160, дуплекс и автоподатчик из коробки.;A4;40;;да;нет;да;да;2016;да;TK-1160
Kyocera;ECOSYS M2235dn;mfp;laser;mono;МФУ среднего офиса, преемник M2035dn. Картридж TK-1170, механика ECOSYS отличается большим ресурсом.;A4;35;;да;нет;да;да;2018;да;TK-1170
Kyocera;ECOSYS P2235dn;printer;laser;mono;Сетевой офисный принтер, доступен в рознице сейчас. Картридж TK-1170, заправка стандартная для ECOSYS.;A4;35;;нет;нет;да;да;2018;;TK-1170
Катюша;M133;mfp;laser;mono;Российское МФУ для дома и офиса — компактный аппарат с копиром и сканером. Расходники доступны, механика близка к Pantum.;A4;22;;нет;нет;нет;да;2023;нет;
Катюша;P133;printer;laser;mono;Российский принтер для дома и офиса, локализация проверенной платформы. Недорогая печать, расходники есть в рознице.;A4;22;;нет;нет;нет;да;2023;;
Катюша;P140;printer;laser;mono;Модель из актуальной линейки Катюша, продаётся в магазинах техники. Обслуживание стандартное для лазерников: заправка, ролики, вал.;A4;;;нет;нет;нет;да;2023;;
Катюша;P247ep;printer;laser;mono;Старшая модель линейки с автодуплексом и беспроводной печатью. Механика близка к Pantum, расходники в продаже.;A4;;;да;да;нет;да;2024;;
Epson;EcoTank L3250;mfp;inkjet;color;Главная домашняя струйная серия последних лет — МФУ с СНПЧ и копиром. Печатает копейки, чиним печатающую головку, помпу и подачу бумаги.;A4;10;5760×1440;нет;да;нет;да;2021;нет;чернила 103
Epson;EcoTank L3210;mfp;inkjet;color;Версия L3250 без Wi-Fi: та же СНПЧ и та же экономика печати. Чернила 103, ёмкости заправляются своими руками.;A4;10;5760×1440;нет;нет;нет;да;2021;нет;чернила 103
Epson;EcoTank L3550;mfp;inkjet;color;МФУ L-серии с экраном и автоподатчиком. Цветная печать документов и фото без картриджей, чернила 103.;A4;;5760×1440;нет;да;нет;да;2022;да;чернила 103
Epson;L210;mfp;inkjet;color;Классика домашней струйки с СНПЧ десятых годов. До сих пор приносят в ремонт: прочистка, помпа, головка. Чернила T664.;A4;27;5760×1440;нет;нет;нет;да;2013;нет;чернила T664
Deli;M1820W;mfp;laser;mono;МФУ нового китайского бренда, хит маркетплейсов. 20 страниц в минуту, стартовый тонер на 1600 страниц, Wi-Fi.;A4;20;1200×600;нет;да;нет;да;2023;нет;
Cactus;CS-LP1120B;printer;laser;mono;Принтер российского бренда расходников с собственной линейкой техники. Простой монохромный аппарат для офисных задач.;A4;18;600×600;нет;нет;нет;да;2022;;
